modified	id	cve	ghsa	cvss	fixed	summary
2026-04-16	GHSA-rv64-5gf8-9qq8	CVE-2026-34483	GHSA-rv64-5gf8-9qq8	CVSS:3.1/AV:N/AC:L/PR:N/UI:N/S:U/C:H/I:N/A:N	9.0.116, 10.1.54, 11.0.21	Apache Tomcat has an Improper Encoding or Escaping of Output vulnerability in the JsonAccessLogValve
2026-04-16	GHSA-9m3c-qcxr-9x87	CVE-2026-25854	GHSA-9m3c-qcxr-9x87	CVSS:3.1/AV:N/AC:L/PR:N/UI:R/S:C/C:L/I:L/A:N	9.0.116, 10.1.53, 11.0.20	Apache Tomcat has an Open Redirect vulnerability
2026-04-16	GHSA-95jq-rwvf-vjx4	CVE-2026-29145	GHSA-95jq-rwvf-vjx4	CVSS:3.1/AV:N/AC:L/PR:N/UI:N/S:U/C:H/I:H/A:N	9.0.116, 10.1.53, 11.0.20	Apache Tomcat: CLIENT_CERT authentication does not fail as expected
2026-04-16	GHSA-8mc5-53m5-3qj2	CVE-2026-32990	GHSA-8mc5-53m5-3qj2	CVSS:3.1/AV:N/AC:L/PR:N/UI:N/S:U/C:L/I:N/A:N	9.0.116, 10.1.53, 11.0.20	Apache Tomcat has an Improper Input Validation vulnerability
2026-04-16	GHSA-69cc-cv78-qc8g	CVE-2026-29129	GHSA-69cc-cv78-qc8g	CVSS:3.1/AV:N/AC:L/PR:N/UI:N/S:U/C:H/I:N/A:N	9.0.116, 10.1.53, 11.0.20	Apache Tomcat: Configured cipher preference order not preserved
2026-04-13	GHSA-x4m4-345f-5h5g	CVE-2026-34487	GHSA-x4m4-345f-5h5g	CVSS:3.1/AV:N/AC:L/PR:N/UI:N/S:U/C:H/I:N/A:N	9.0.117, 10.1.54, 11.0.21	Apache Tomcat vulnerable to Insertion of Sensitive Information into Log File
2026-04-13	GHSA-24j9-x2wg-9qv6	CVE-2026-34500	GHSA-24j9-x2wg-9qv6	CVSS:3.1/AV:N/AC:H/PR:N/UI:N/S:U/C:H/I:L/A:N	9.0.117, 10.1.54, 11.0.21	Apache Tomcat: CLIENT_CERT authentication does not fail as expected
2026-03-24	GHSA-cx6h-86xw-9x34	CVE-2023-28709	GHSA-cx6h-86xw-9x34	CVSS:3.1/AV:N/AC:L/PR:N/UI:N/S:U/C:N/I:N/A:H	9.0.74, 10.1.8, 11.0.0-M5	Apache Tomcat - Fix for CVE-2023-24998 was incomplete
2026-03-20	GHSA-mgp5-rv84-w37q	CVE-2026-24734	GHSA-mgp5-rv84-w37q	CVSS:3.1/AV:N/AC:L/PR:N/UI:N/S:U/C:N/I:H/A:N	9.0.115, 10.1.52, 11.0.18	Apache Tomcat has an Improper Input Validation vulnerability
2026-03-13	GHSA-fpj8-gq4v-p354	CVE-2025-66614	GHSA-fpj8-gq4v-p354	CVSS:3.1/AV:N/AC:L/PR:N/UI:N/S:U/C:H/I:H/A:N	9.0.113, 10.1.50, 11.0.15	Apache Tomcat - Client certificate verification bypass
2026-03-10	GHSA-qq5r-98hh-rxc9	CVE-2026-24733	GHSA-qq5r-98hh-rxc9		9.0.113, 10.1.50, 11.0.15	Apache Tomcat - Security constraint bypass with HTTP/0.9
2026-03-06	GHSA-wr62-c79q-cv37	CVE-2025-52520	GHSA-wr62-c79q-cv37	CVSS:3.1/AV:N/AC:L/PR:N/UI:N/S:U/C:N/I:N/A:H	9.0.107, 10.1.43, 11.0.9	Apache Tomcat Catalina is vulnerable to DoS attack through bypassing of size limits
2026-03-06	GHSA-25xr-qj8w-c4vf	CVE-2025-53506	GHSA-25xr-qj8w-c4vf	CVSS:3.1/AV:N/AC:L/PR:N/UI:N/S:U/C:N/I:N/A:H	9.0.107, 10.1.43, 11.0.9	Apache Tomcat Coyote vulnerable to Denial of Service via excessive HTTP/2 streams
2026-02-04	GHSA-wmwf-9ccg-fff5	CVE-2025-55752	GHSA-wmwf-9ccg-fff5	CVSS:3.1/AV:N/AC:H/PR:L/UI:N/S:U/C:H/I:H/A:H	9.0.109, 10.1.45, 11.0.11	Apache Tomcat Vulnerable to Relative Path Traversal
2026-02-04	GHSA-wm9w-rjj3-j356	CVE-2024-34750	GHSA-wm9w-rjj3-j356	CVSS:3.1/AV:N/AC:L/PR:N/UI:N/S:U/C:N/I:N/A:H	9.0.90, 10.1.25, 11.0.0-M21	Apache Tomcat - Denial of Service
2026-02-04	GHSA-wc4r-xq3c-5cf3	CVE-2025-49125	GHSA-wc4r-xq3c-5cf3		9.0.106, 10.1.42, 11.0.8	Apache Tomcat - Security constraint bypass for pre/post-resources
2026-02-04	GHSA-vfww-5hm6-hx2j	CVE-2025-55754	GHSA-vfww-5hm6-hx2j	CVSS:3.1/AV:N/AC:L/PR:N/UI:R/S:C/C:H/I:H/A:H	9.0.109, 10.1.45, 11.0.11	Apache Tomcat Vulnerable to Improper Neutralization of Escape, Meta, or Control Sequences
2026-02-04	GHSA-qxf4-chvg-4r8r	CVE-2020-1935	GHSA-qxf4-chvg-4r8r	CVSS:3.1/AV:N/AC:H/PR:N/UI:N/S:U/C:L/I:L/A:N	7.0.100, 8.5.51, 9.0.31	Potential HTTP request smuggling in Apache Tomcat
2026-02-04	GHSA-qppj-fm5r-hxr3	CVE-2023-44487	GHSA-qppj-fm5r-hxr3	CVSS:3.1/AV:N/AC:L/PR:N/UI:N/S:U/C:N/I:N/A:L/E:H	8.5.94, 9.0.81, 10.1.14, 11.0.0-M12	HTTP/2 Stream Cancellation Attack
2026-02-04	GHSA-q3mw-pvr8-9ggc	CVE-2023-41080	GHSA-q3mw-pvr8-9ggc	CVSS:3.1/AV:N/AC:L/PR:N/UI:R/S:C/C:L/I:L/A:N	8.5.93, 9.0.80, 10.1.13, 11.0.0-M11	Apache Tomcat Open Redirect vulnerability
2026-02-04	GHSA-jgwr-3qm3-26f3	CVE-2021-25329	GHSA-jgwr-3qm3-26f3	CVSS:3.1/AV:L/AC:H/PR:L/UI:N/S:U/C:H/I:H/A:H	7.0.108, 8.5.61, 9.0.41, 10.0.2	Potential remote code execution in Apache Tomcat
2026-02-04	GHSA-j39c-c8hj-x4j3	CVE-2021-25122	GHSA-j39c-c8hj-x4j3	CVSS:3.1/AV:N/AC:L/PR:N/UI:N/S:U/C:H/I:N/A:N	8.5.63, 9.0.43, 10.0.2	Exposure of Sensitive Information to an Unauthorized Actor in Apache Tomcat
2026-02-04	GHSA-hh3j-x4mc-g48r	CVE-2019-12418	GHSA-hh3j-x4mc-g48r	CVSS:3.1/AV:L/AC:H/PR:L/UI:N/S:U/C:H/I:H/A:H	7.0.99, 8.5.49, 9.0.29	Insufficiently Protected Credentials in Apache Tomcat
2026-02-04	GHSA-hgrr-935x-pq79	CVE-2025-61795	GHSA-hgrr-935x-pq79		9.0.110, 10.1.47, 11.0.12	Apache Tomcat Vulnerable to Improper Resource Shutdown or Release
2026-02-04	GHSA-hfrx-6qgj-fp6c	CVE-2023-24998	GHSA-hfrx-6qgj-fp6c	CVSS:3.1/AV:N/AC:L/PR:N/UI:N/S:U/C:N/I:N/A:H	8.5.88, 9.0.71, 10.1.5, 11.0.0-M5	Apache Commons FileUpload denial of service vulnerability
2026-02-04	GHSA-h3gc-qfqq-6h8f	CVE-2025-48988	GHSA-h3gc-qfqq-6h8f	CVSS:3.1/AV:N/AC:L/PR:N/UI:N/S:U/C:N/I:N/A:H	9.0.106, 10.1.42, 11.0.8	Apache Tomcat - DoS in multipart upload
2026-02-04	GHSA-h2fw-rfh5-95r3	CVE-2025-46701	GHSA-h2fw-rfh5-95r3		9.0.105, 10.1.41, 11.0.7	Apache Tomcat - CGI security constraint bypass
2026-02-04	GHSA-ff77-26x5-69cr	CVE-2025-31651	GHSA-ff77-26x5-69cr		9.0.104, 10.1.40, 11.0.6	Apache Tomcat Rewrite rule bypass
2026-02-04	GHSA-fccv-jmmp-qg76	CVE-2023-46589	GHSA-fccv-jmmp-qg76	CVSS:3.1/AV:N/AC:L/PR:N/UI:N/S:U/C:N/I:H/A:N	8.5.96, 9.0.83, 10.1.16, 11.0.0-M11	Apache Tomcat Improper Input Validation vulnerability
2026-02-04	GHSA-c9hw-wf7x-jp9j	CVE-2020-1938	GHSA-c9hw-wf7x-jp9j	CVSS:3.1/AV:N/AC:L/PR:N/UI:N/S:U/C:H/I:H/A:H/E:H	7.0.100, 8.5.51, 9.0.31	Improper Privilege Management in Tomcat
2026-02-04	GHSA-9xcj-c8cr-8c3c	CVE-2019-17563	GHSA-9xcj-c8cr-8c3c	CVSS:3.1/AV:N/AC:H/PR:N/UI:R/S:U/C:H/I:H/A:H	7.0.99, 8.5.50, 9.0.30	In Apache Tomcat, when using FORM authentication there was a narrow window where an attacker could perform a session fixation attack
2026-02-04	GHSA-83qj-6fr2-vhqg	CVE-2025-24813	GHSA-83qj-6fr2-vhqg	CVSS:3.1/AV:N/AC:L/PR:N/UI:N/S:U/C:H/I:H/A:H/E:H	9.0.99, 10.1.35, 11.0.3	Apache Tomcat: Potential RCE and/or information disclosure and/or information corruption with partial PUT
2026-02-04	GHSA-7w75-32cg-r6g2	CVE-2024-24549	GHSA-7w75-32cg-r6g2	CVSS:3.1/AV:N/AC:L/PR:N/UI:N/S:U/C:N/I:N/A:H	8.5.99, 9.0.86, 10.1.19, 11.0.0-M17	Apache Tomcat Denial of Service due to improper input validation vulnerability for HTTP/2 requests
2026-02-04	GHSA-5j33-cvvr-w245	CVE-2024-50379	GHSA-5j33-cvvr-w245	CVSS:3.1/AV:N/AC:L/PR:N/UI:N/S:U/C:H/I:H/A:H	9.0.98, 10.1.34, 11.0.2	Apache Tomcat Time-of-check Time-of-use (TOCTOU) Race Condition vulnerability
2026-02-04	GHSA-3p2h-wqq4-wf4h	CVE-2025-31650	GHSA-3p2h-wqq4-wf4h		9.0.104, 10.1.40, 11.0.6	Apache Tomcat Denial of Service via invalid HTTP priority header
2026-02-04	GHSA-2rvv-w9r2-rg7m	CVE-2021-24122	GHSA-2rvv-w9r2-rg7m	CVSS:3.1/AV:N/AC:H/PR:N/UI:N/S:U/C:H/I:N/A:N	7.0.107, 8.5.60, 9.0.40, 10.0.0-M10	Information Disclosure in Apache Tomcat
2026-02-04	GHSA-27hp-xhwr-wr2m	CVE-2024-56337	GHSA-27hp-xhwr-wr2m		9.0.98, 10.1.34, 11.0.2	Apache Tomcat Time-of-check Time-of-use (TOCTOU) Race Condition vulnerability
2025-11-05	GHSA-gqp3-2cvr-x8m3	CVE-2025-48989	GHSA-gqp3-2cvr-x8m3	CVSS:3.1/AV:N/AC:L/PR:N/UI:N/S:U/C:N/I:N/A:H	9.0.108, 10.1.44, 11.0.10	Apache Tomcat Improper Resource Shutdown or Release vulnerability
2025-11-03	GHSA-f4qf-m5gf-8jm8	CVE-2024-21733	GHSA-f4qf-m5gf-8jm8	CVSS:3.1/AV:N/AC:L/PR:N/UI:N/S:U/C:L/I:N/A:N	8.5.64	Apache Tomcat vulnerable to Generation of Error Message Containing Sensitive Information
2025-10-29	GHSA-42wg-hm62-jcwg	CVE-2025-49124	GHSA-42wg-hm62-jcwg		9.0.106, 10.1.42, 11.0.8	Apache Tomcat installer for Windows has an untrusted search path vulnerability
2025-10-22	GHSA-xjgh-84hx-56c5	CVE-2017-12617	GHSA-xjgh-84hx-56c5	CVSS:3.0/AV:N/AC:H/PR:N/UI:N/S:U/C:H/I:H/A:H/E:H	7.0.82, 8.0.47, 8.5.23, 9.0.1	Unrestricted Upload of File with Dangerous Type Apache Tomcat
2025-10-22	GHSA-pjfr-qf3p-3q25	CVE-2017-12615	GHSA-pjfr-qf3p-3q25	CVSS:3.0/AV:N/AC:H/PR:N/UI:N/S:U/C:H/I:H/A:H/E:H	7.0.79	When running Apache Tomcat on Windows with HTTP PUTs enabled it was possible to upload a JSP file to the server
2025-08-08	GHSA-r6j3-px5g-cq3x	CVE-2023-45648	GHSA-r6j3-px5g-cq3x	CVSS:3.1/AV:N/AC:L/PR:N/UI:N/S:U/C:N/I:L/A:N	8.5.94, 9.0.81, 10.1.14, 11.0.0-M12	Apache Tomcat Improper Input Validation vulnerability
2025-08-08	GHSA-g8pj-r55q-5c2v	CVE-2023-42795	GHSA-g8pj-r55q-5c2v	CVSS:3.1/AV:N/AC:L/PR:N/UI:N/S:U/C:L/I:N/A:N	8.5.94, 9.0.81, 10.1.14, 11.0.0-M12	Apache Tomcat Incomplete Cleanup vulnerability
2025-04-09	GHSA-f98p-9pp6-7q6c	CVE-2008-1947	GHSA-f98p-9pp6-7q6c		5.5.27, 6.0.18	Apache Tomcat Cross-site scripting (XSS) vulnerability
2025-01-24	GHSA-qvf5-hvjx-wm27	CVE-2024-52317	GHSA-qvf5-hvjx-wm27	CVSS:3.1/AV:N/AC:L/PR:N/UI:N/S:U/C:L/I:L/A:N	9.0.96, 10.1.31, 11.0.0	Apache Tomcat Request and/or response mix-up
2024-11-29	GHSA-jx6h-3fjx-cgv5	CVE-2018-1305	GHSA-jx6h-3fjx-cgv5	CVSS:3.0/AV:N/AC:L/PR:L/UI:N/S:U/C:H/I:N/A:N	7.0.85, 8.5.28, 9.0.5	Apache Tomcat information exposure vulnerability
2024-11-29	GHSA-6rxj-58jh-436r	CVE-2018-1304	GHSA-6rxj-58jh-436r	CVSS:3.0/AV:N/AC:H/PR:N/UI:N/S:U/C:H/I:N/A:N	7.0.86, 8.0.51, 8.5.28, 9.0.5	Apache Tomcat unauthorized access vulnerability
2024-11-28	GHSA-wf5v-jhxj-q632	CVE-2014-0095	GHSA-wf5v-jhxj-q632		8.0.4	Denial of service in Apache Tomcat
2024-10-21	GHSA-46j3-r4pj-4835	CVE-2018-8034	GHSA-46j3-r4pj-4835	CVSS:3.0/AV:N/AC:L/PR:N/UI:N/S:U/C:H/I:N/A:N	7.0.90, 8.0.53, 8.5.32, 9.0.10	The host name verification missing in Apache Tomcat
2024-04-24	GHSA-mppv-79ch-vw6q	CVE-2023-34981	GHSA-mppv-79ch-vw6q	CVSS:3.1/AV:N/AC:L/PR:N/UI:N/S:U/C:H/I:N/A:N	9.0.75, 10.1.9, 11.0.0-M6	Apache Tomcat vulnerable to information leak
2024-04-23	GHSA-rq2w-37h9-vg94	CVE-2022-45143	GHSA-rq2w-37h9-vg94	CVSS:3.1/AV:N/AC:L/PR:N/UI:N/S:U/C:N/I:H/A:N	8.5.84, 9.0.69, 10.1.2	Apache Tomcat improperly escapes input from JsonErrorReportValve
2024-04-23	GHSA-p22x-g9px-3945	CVE-2022-42252	GHSA-p22x-g9px-3945	CVSS:3.1/AV:N/AC:L/PR:N/UI:N/S:U/C:N/I:H/A:N	8.5.83, 9.0.68, 10.0.27, 10.1.1	Apache Tomcat may reject request containing invalid Content-Length header
2024-04-18	GHSA-9hg2-395j-83rm	CVE-2017-5651	GHSA-9hg2-395j-83rm	CVSS:3.0/AV:N/AC:L/PR:N/UI:N/S:U/C:H/I:H/A:H	8.5.13, 9.0.0.M19	Expected Behavior Violation in Apache Tomcat
2024-04-18	GHSA-3vx3-xf6q-r5xp	CVE-2017-5648	GHSA-3vx3-xf6q-r5xp	CVSS:3.0/AV:N/AC:L/PR:N/UI:N/S:U/C:H/I:H/A:N	7.0.76, 8.0.42, 8.5.13, 9.0.0.M18	Exposure of Resource to Wrong Sphere in Apache Tomcat
2024-03-16	GHSA-qcxh-w3j9-58qr	CVE-2019-0199	GHSA-qcxh-w3j9-58qr	CVSS:3.0/AV:N/AC:L/PR:N/UI:N/S:U/C:N/I:N/A:H	8.5.38, 9.0.16	Apache Tomcat Denial of Service vulnerability
2024-03-16	GHSA-8vmx-qmch-mpqg	CVE-2019-0232	GHSA-8vmx-qmch-mpqg	CVSS:3.0/AV:N/AC:H/PR:N/UI:N/S:U/C:H/I:H/A:H	7.0.94, 8.5.40, 9.0.17	Apache Tomcat OS Command Injection vulnerability
2024-03-12	GHSA-r4x2-3cq5-hqvp	CVE-2018-8014	GHSA-r4x2-3cq5-hqvp	CVSS:3.0/AV:N/AC:L/PR:N/UI:N/S:U/C:H/I:H/A:H	7.0.88, 8.0.53, 8.5.32, 9.0.9	The defaults settings for the CORS filter provided in Apache Tomcat are insecure and enable 'supportsCredentials' for all origins
2024-03-12	GHSA-m59c-jpc8-m2x4	CVE-2018-1336	GHSA-m59c-jpc8-m2x4	CVSS:3.1/AV:N/AC:L/PR:N/UI:N/S:U/C:N/I:N/A:H	7.0.87, 8.0.51, 8.5.31, 9.0.8	In Apache Tomcat there is an improper handing of overflow in the UTF-8 decoder 
2024-03-11	GHSA-q4hg-rmq2-52q9	CVE-2019-10072	GHSA-q4hg-rmq2-52q9	CVSS:3.0/AV:N/AC:L/PR:N/UI:N/S:U/C:N/I:N/A:H	8.5.41, 9.0.20	Improper Locking in Apache Tomcat
2024-03-11	GHSA-jjpq-gp5q-8q6w	CVE-2019-0221	GHSA-jjpq-gp5q-8q6w	CVSS:3.0/AV:N/AC:L/PR:N/UI:R/S:C/C:L/I:L/A:N	7.0.94, 8.5.40, 9.0.17	Cross-site scripting in Apache Tomcat
2024-03-11	GHSA-6v52-mj5r-7j2m	CVE-2018-8037	GHSA-6v52-mj5r-7j2m	CVSS:3.0/AV:N/AC:H/PR:N/UI:N/S:U/C:H/I:N/A:N	8.5.32, 9.0.10	Apache Tomcat Race Condition vulnerability
2024-03-11	GHSA-5q99-f34m-67gc	CVE-2018-11784	GHSA-5q99-f34m-67gc	CVSS:3.0/AV:N/AC:L/PR:N/UI:R/S:U/C:N/I:L/A:N	7.0.91, 8.5.34, 9.0.12	Apache Tomcat Open Redirect vulnerability
2024-02-21	GHSA-767j-jfh2-jvrc	CVE-2019-17569	GHSA-767j-jfh2-jvrc	CVSS:3.1/AV:N/AC:H/PR:N/UI:N/S:U/C:L/I:L/A:N	7.0.100, 8.5.51, 9.0.31	Potential HTTP request smuggling in Apache Tomcat
